<annotation>
	<folder>cropped</folder>
	<filename>4.jpg</filename>
	<path>/home/vkchcp0013/data/ssd-own-data-original/kitti-ssd/MyDataset/new-created/just-new/last-tried-forscratch/cropped/4.jpg</path>
	<source>
		<database>Unknown</database>
	</source>
	<size>
		<width>500</width>
		<height>500</height>
		<depth>3</depth>
	</size>
	<segmented>0</segmented>
	<object>
		<name>car</name>
		<pose>Unspecified</pose>
		<truncated>0</truncated>
		<difficult>0</difficult>
		<bndbox>
			<xmin>126</xmin>
			<ymin>269</ymin>
			<xmax>171</xmax>
			<ymax>299</ymax>
		</bndbox>
	</object>
	<object>
		<name>car</name>
		<pose>Unspecified</pose>
		<truncated>1</truncated>
		<difficult>0</difficult>
		<bndbox>
			<xmin>1</xmin>
			<ymin>268</ymin>
			<xmax>57</xmax>
			<ymax>300</ymax>
		</bndbox>
	</object>
	<object>
		<name>car</name>
		<pose>Unspecified</pose>
		<truncated>0</truncated>
		<difficult>0</difficult>
		<bndbox>
			<xmin>212</xmin>
			<ymin>273</ymin>
			<xmax>256</xmax>
			<ymax>302</ymax>
		</bndbox>
	</object>
	<object>
		<name>car</name>
		<pose>Unspecified</pose>
		<truncated>0</truncated>
		<difficult>0</difficult>
		<bndbox>
			<xmin>67</xmin>
			<ymin>273</ymin>
			<xmax>101</xmax>
			<ymax>294</ymax>
		</bndbox>
	</object>
</annotation>
